{
    "name": "Vanderlande Reporting Server",
    "version": "1.0",
    "interface": {
        "primary": "#ffffff",
        "primaryAlt": "#ffffff",
        "primaryAlt2": "#ffffff",
        "primaryAlt3": "#ffffff",
        "primaryAlt4": "#ffffff",
        "primaryContrast": "#000000",

        "secondary": "#ffffff",
        "secondaryAlt": "#ffffff",
        "secondaryAlt2": "#ffffff",
        "secondaryAlt3": "#ffffff",
        "secondaryContrast": "#000000",

        "neutralPrimary": "#ffffff",
        "neutralPrimaryAlt": "#ffffff",
        "neutralPrimaryAlt2": "#ffffff",
        "neutralPrimaryAlt3": "#ffffff",
        "neutralPrimaryContrast": "#000000",

        "neutralSecondary": "#ffffff",
        "neutralSecondaryAlt": "#ffffff",
        "neutralSecondaryAlt2": "#ffffff",
        "neutralSecondaryAlt3": "#ffffff",
        "neutralSecondaryContrast": "#000000",

        "neutralTertiary": "#ffffff",
        "neutralTertiaryAlt": "#ffffff",
        "neutralTertiaryAlt2": "#ffffff",
        "neutralTertiaryAlt3": "#ffffff",
        "neutralTertiaryContrast": "#000000",

        "danger": "#bb2124",
        "success": "#2b3",
        "warning": "#f0ad4e",
        "info": "#5bc0de",

        "dangerContrast": "#ffffff",
        "successContrast": "#ffffff",
        "warningContrast": "#ffffff",
        "infoContrast": "#ffffff",

        "kpiGood": "#4fb443",
        "kpiBad": "#de061a",
        "kpiNeutral": "#d9b42c",
        "kpiNone": "#333",

        "kpiGoodContrast": "#ffffff",
        "kpiBadContrast": "#ffffff",
        "kpiNeutralContrast": "#ffffff",
        "kpiNoneContrast": "#ffffff",

        "headerBackground": "#ffffff",
        "headerForeground": "#000000",
        "headerBorder": "#000000"
    },
    "theme": {
        "dataPoints": [
            "#ffffff",
            "#ffffff",
            "#269657",
            "#dd5900",
            "#5b3573",
            "#22bdef",
            "#b4009e",
            "#008274",
            "#fdc336",
            "#ea3c00",
            "#ffffff",
            "#9f9f9f"
        ],

        "good": "#85ba00",
        "bad": "#e90000",
        "neutral": "#edb327",
        "none": "#333",

        "background": "#ffffff",
        "foreground": "#000000",
        "mapBase": "#ffffff",
        "panelBackground": "#ffffff",
        "panelForeground": "#000000",
        "panelAccent": "#ffffff",
        "tableAccent": "#ffffff",

        "altBackground": "#ffffff",
        "altForeground": "#000000",
        "altMapBase": "#ffffff",
        "altPanelBackground": "#ffffff",
        "altPanelForeground": "#000000",
        "altPanelAccent": "#ffffff",
        "altTableAccent": "#ffffff"
    }
}
